iteration	goal	baseline	change	verify	result	decision
1	debug and fix undetected non-standard whitespace	pytest: 20 passed, 1 skipped	Expand whitespace matcher to include U+200B ZERO WIDTH SPACE and add CLI/library regression tests	pytest: 22 passed, 1 skipped	improved: zero-width space now detected and covered	keep
2	debug and fix undetected BOM-style invisible whitespace	pytest: 22 passed, 1 skipped	Expand whitespace matcher to include U+FEFF ZERO WIDTH NO-BREAK SPACE and add CLI/library regression tests	pytest: 24 passed, 1 skipped	improved: BOM-prefixed UTF-8 text is now detected and covered	keep
3	debug and fix undetected word joiner characters	pytest: 24 passed, 1 skipped	Expand the matcher to include U+2060 WORD JOINER and add CLI/library regression tests	pytest: 26 passed, 1 skipped	improved: word joiner is now detected and covered	keep
4	debug nondeterministic recursive directory traversal	pytest: 26 passed, 1 skipped	Sort directory names and file names during recursive processing and add a regression test for stable traversal order	pytest: 27 passed, 1 skipped	improved: recursive processing order is now deterministic and covered	keep
5	debug stdin runtime error handling	pytest: 27 passed, 1 skipped	Catch generic stdin processing errors, suppress detach cleanup failures, and add a regression test for runtime error reporting	pytest: 28 passed, 1 skipped	improved: stdin processing now reports runtime failures instead of raising	keep
6	debug missing Unicode alias for NEXT LINE	pytest: 28 passed, 1 skipped	Add a fallback alias for U+0085 NEXT LINE and cover it with a regression test	pytest: 29 passed, 1 skipped	improved: U+0085 is now labeled consistently instead of UNNAMED	keep
7	debug text-only stdin support	pytest: 29 passed, 1 skipped	Teach process_stdin to accept text-only stdin objects without a .buffer and add a regression test for StringIO input	pytest: 30 passed, 1 skipped	improved: process_stdin now works with text-only stdin streams instead of raising AttributeError	keep
8	debug recursive directory walk failures	pytest: 30 passed, 1 skipped	Catch directory traversal errors in process_directory and add a regression test for clean error reporting	pytest: 31 passed, 1 skipped	improved: recursive walk failures now return False with a diagnostic instead of raising	keep
9	debug partial recursive walk failures	pytest: 31 passed, 1 skipped	Pass an onerror handler into os.walk so subtree scan failures mark the run unsuccessful and emit a diagnostic, and add a regression test	pytest: 32 passed, 1 skipped	improved: partial recursive walk failures are now reported instead of silently succeeding	keep
10	debug recursive walk error path precision	pytest: 32 passed, 1 skipped	Use the failing subtree path from walk errors when available and add a regression test for the reported filename	pytest: 32 passed, 1 skipped	improved: recursive walk diagnostics now identify the blocked subtree instead of only the top-level directory	keep
